experiments,log2_abundance,peptides,protein
2,-3.73395806203273,GLPNVQR,IDH1
2,-1.4350255001526546,LQAVTDDHIR,BLVRB
2,-8.858324019095114,RPWFAGNK,GSTM1
2,0.0,TATVYPEPQNK,ME1
2,0.0,AIDGLDR,AKR1C3
2,-5.408129183924126,AGAEGFVR,HTATIP2
3,-7.663633769280338,VAVWGNK,GSTM4
3,0.0,EPPQGAHFLSR,DHFR
3,0.0,AQLNLATR,CTLA4
1,-4.544412086321429,VAIDAGYR,AKR1B10
1,-9.717100072738509,VEYLDDR,TP53
1,-5.185002374356442,VGVNGFGR,GAPDH
1,-0.04979612107405869,VAIDTGYR,AKR1D1
1,-6.156567599958658,GYILQAK,GCLM
